<?xml version="1.0" encoding="UTF-8" ?>
<!DOCTYPE mapper
	PUBLIC "-//mybatis.org//DTD Mapper 3.0//EN"
	"http://mybatis.org/dtd/mybatis-3-mapper.dtd">

<mapper namespace="FreeBoardMapper">

	<select id="searchListCount" parameterType="kr.co.ictedu.util.dto.SearchDTO" resultType="int">
		select count(board_no) cnt from freeboard
		<if test="searchOption != null and searchOption != ''
					and searchWord != null and searchWord != ''">
			<choose>
				<when test="searchOption == 'title'">
					where title like concat('%', #{searchWord}, '%')
				</when>
				<when test="searchOption == 'writer'">
					where writer like concat('%', #{searchWord}, '%')
				</when>
			</choose>
		</if>
	</select>

	<select id="searchList" parameterType="kr.co.ictedu.util.dto.SearchDTO"
							resultType="kr.co.ictedu.board.free.FreeBoardDTO">
		select board_no, title, writer, write_date, view_cnt
		from freeboard
		<if test="searchOption != null and searchOption != ''
					and searchWord != null and searchWord != ''">
			<choose>
				<when test="searchOption == 'title'">
				where title like concat('%', #{searchWord}, '%')
				</when>
				<when test="searchOption == 'writer'">
				where writer like concat('%', #{searchWord}, '%')
				</when>
			</choose>
		</if>
		order by board_no desc
		limit #{limitNum}, 10
	</select>

	<select id="search1Test" parameterType="kr.co.ictedu.util.dto.SearchDTO"
								resultType="kr.co.ictedu.board.free.FreeBoardDTO">
		select board_no, title, writer, write_date, view_cnt
		from freeboard
		<if test="searchOption != null and searchOption != ''
					and searchWord != null and searchWord != ''">
			<choose>
				<when test="searchOption == 'title'">
					where title like concat('%', #{searchWord}, '%')
				</when>
				<when test="searchOption == 'writer'">
					where writer like concat('%', #{searchWord}, '%')
				</when>
			</choose>
		</if>
	</select>

	<select id="pagingList" parameterType="int" resultType="kr.co.ictedu.board.free.FreeBoardDTO">
	select board_no, title, writer, write_date, view_cnt
	from freeboard
	order by board_no desc
	limit #{limitNum}, 10
	</select>

	<select id="totalListCount" resultType="int">
	select count(board_no) cnt from freeboard
	</select>

	<update id="update" parameterType="kr.co.ictedu.board.free.FreeBoardDTO">
	update freeboard set title = #{title}, writer = #{writer}, contents = #{contents}
	where board_no = #{board_no} and pwd = #{pwd}
	</update>

	<delete id="delete" parameterType="kr.co.ictedu.board.free.FreeBoardDTO">
	delete from freeboard where board_no = #{board_no} and pwd = #{pwd}
	</delete>

	<select id="detail" parameterType="java.lang.String" resultType="kr.co.ictedu.board.free.FreeBoardDTO">
	select board_no, title, writer, pwd, contents, write_date, view_cnt
	from freeboard
	where board_no = #{board_no}
	</select>
	
	<update id="incrementViewCnt">
	update freeboard set view_cnt = view_cnt + 1
	where board_no = #{board_no}
	</update>



	<insert id="write" parameterType="kr.co.ictedu.board.free.FreeBoardDTO">
	insert into freeboard (title, writer, pwd, contents, write_date)
	values( #{title}, #{writer}, #{pwd}, #{contents}, now() );
	</insert>

	<select id="list" resultType="kr.co.ictedu.board.free.FreeBoardDTO">
	select board_no, title, writer, write_date, view_cnt from freeboard
	</select>

</mapper>
