<?xml version="1.0" encoding="UTF-8" ?>
<!DOCTYPE mapper
	PUBLIC "-//mybatis.org//DTD Mapper 3.0//EN"
	"http://mybatis.org/dtd/mybatis-3-mapper.dtd">

<mapper namespace="MemberBoardMapper">

	<select id="searchListCount" parameterType="kr.co.ictedu.util.dto.SearchDTO" resultType="int">
		select count(board_no) cnt from memberboard
		<if test="searchOption != null and searchOption != ''
					and searchWord != null and searchWord != ''">
			<choose>
				<when test="searchOption == 'title'">
					where title like concat('%', #{searchWord}, '%')
				</when>
				<when test="searchOption == 'writer'">
					where writer like concat('%', #{searchWord}, '%')
				</when>
			</choose>
		</if>
	</select>

	<select id="searchList" parameterType="kr.co.ictedu.util.dto.SearchDTO"
							resultType="kr.co.ictedu.board.member.MemberBoardDTO">
		select board_no, title, memberboard.mno mno, member.mid mid, write_date, view_cnt
		from memberboard , member
		where memberboard.mno = member.mno	
		<if test="searchOption != null and searchOption != ''
					and searchWord != null and searchWord != ''">
			<choose>
				<when test="searchOption == 'title'">
				where title like concat('%', #{searchWord}, '%')
				</when>
				<when test="searchOption == 'writer'">
				where writer like concat('%', #{searchWord}, '%')
				</when>
			</choose>
		</if>
		order by board_no desc
		limit #{limitNum}, 10
	</select>

	<update id="incrementViewCnt">
	update memberboard set view_cnt = view_cnt + 1
	where board_no = #{board_no}
	</update>


	<update id="update" parameterType="kr.co.ictedu.board.member.MemberBoardDTO">
	update memberboard set title = #{title}, contents = #{contents}
	where board_no = #{board_no}
	</update>
	

	<delete id="delete" parameterType="kr.co.ictedu.board.member.MemberBoardDTO">
	delete from memberboard where board_no = #{board_no}
	</delete>

	<select id="detail" parameterType="java.lang.String" resultType="kr.co.ictedu.board.member.MemberBoardDTO">
	select board_no, title, mno, contents, write_date, view_cnt
	from memberboard
	where board_no = #{board_no}
	</select>


	<insert id="write" parameterType="kr.co.ictedu.board.member.MemberBoardDTO">
	insert into memberboard (title, mno, contents, write_date)
	values( #{title}, #{mno}, #{contents}, now() )
	
	</insert>
	
	
</mapper>
